INSTANCE,PDB,SABDAB_ID,HEAVY_ID,LIGHT_ID,Hchain,Lchain,model,antigen_chain,antigen_type,antigen_name,short_header,date,SABDABdepo_date,SABDABupdate_date,compound,organism,organism_taxid,expression_system,expression_system_taxid,heavy_species,light_species,heavy_taxid,light_taxid,heavy_expression_system,light_expression_system,heavy_expression_system_taxid,light_expression_system_taxid,antigen_species,agtaxid,agexpression_system,agexpression_system_taxid,authors,method,resolution,r_free,r_factor,type,chainsharing_construct,chainsharing_construct_partners,non_chainsharing_construct,non_chainsharing_construct_partners,heavy_subclass,light_subclass,light_ctype
pdb_00001hzh-H-L,pdb_00001hzh,sabdab2_H0043L003X,H0043,L003X,H,L,0,NA,NA,NA,IMMUNE SYSTEM,2001/01/24,20260605,20260615,CRYSTAL STRUCTURE OF THE INTACT HUMAN IGG B12 WITH BROAD AND POTENT ACTIVITY AGAINST PRIMARY HIV-1 ISOLATES: A TEMPLATE FOR HIV VACCINE DESIGN,homo sapiens,9606,cricetulus griseus,10029,homo sapiens,homo sapiens,9606,9606,cricetulus griseus,cricetulus griseus,10029,10029,NA,NA,NA,NA,"Saphire, E.O.,Burton, D.R.,Wilson, I.A.",XRAY,2.7,0.273,0.229,FAB+FC,NA,NA,NA,NA,IGHV1 (Homsap),IGKV3 (Homsap),K
pdb_00001hzh-K-M,pdb_00001hzh,sabdab2_H0043L003X,H0043,L003X,K,M,0,NA,NA,NA,IMMUNE SYSTEM,2001/01/24,20260605,20260615,CRYSTAL STRUCTURE OF THE INTACT HUMAN IGG B12 WITH BROAD AND POTENT ACTIVITY AGAINST PRIMARY HIV-1 ISOLATES: A TEMPLATE FOR HIV VACCINE DESIGN,homo sapiens,9606,cricetulus griseus,10029,homo sapiens,homo sapiens,9606,9606,cricetulus griseus,cricetulus griseus,10029,10029,NA,NA,NA,NA,"Saphire, E.O.,Burton, D.R.,Wilson, I.A.",XRAY,2.7,0.273,0.229,FAB+FC,NA,NA,NA,NA,IGHV1 (Homsap),IGKV3 (Homsap),K
pdb_00001iga-A-C,pdb_00001iga,sabdab2_H007JL0078,H007J,L0078,A,C,0,NA,NA,NA,IMMUNOGLOBULIN,1998/12/23,20260605,20260615,MODEL OF HUMAN IGA1 DETERMINED BY SOLUTION SCATTERING CURVE-FITTING AND HOMOLOGY MODELLING,homo sapiens,9606,NA,NA,homo sapiens,homo sapiens,9606,9606,NA,NA,NA,NA,NA,NA,NA,NA,"Boehm, M.K.,Woof, J.M.,Kerr, M.A.,Perkins, S.J.",SOLUTION_SCATTERING,NA,NA,NA,FAB+FC,NA,NA,NA,NA,IGHV1 (Homsap),IGKV1 (Homsap),K
pdb_00001iga-B-D,pdb_00001iga,sabdab2_H007JL0078,H007J,L0078,B,D,0,NA,NA,NA,IMMUNOGLOBULIN,1998/12/23,20260605,20260615,MODEL OF HUMAN IGA1 DETERMINED BY SOLUTION SCATTERING CURVE-FITTING AND HOMOLOGY MODELLING,homo sapiens,9606,NA,NA,homo sapiens,homo sapiens,9606,9606,NA,NA,NA,NA,NA,NA,NA,NA,"Boehm, M.K.,Woof, J.M.,Kerr, M.A.,Perkins, S.J.",SOLUTION_SCATTERING,NA,NA,NA,FAB+FC,NA,NA,NA,NA,IGHV1 (Homsap),IGKV1 (Homsap),K
pdb_00001igt-B-A,pdb_00001igt,sabdab2_H05XWL04FG,H05XW,L04FG,B,A,0,NA,NA,NA,IMMUNOGLOBULIN,1996/10/25,20260605,20260615,STRUCTURE OF IMMUNOGLOBULIN,mus musculus,10090,NA,NA,mus musculus,mus musculus,10090,10090,NA,NA,NA,NA,NA,NA,NA,NA,"Harris, L.J.,Larson, S.B.,Hasel, K.W.,McPherson, A.",XRAY,2.8,0.297,0.209,FAB+FC,NA,NA,NA,NA,IGHV5 (Musmus),"IGKV13 (Musmus),IGKV10 (Musmus)",K
pdb_00001igt-D-C,pdb_00001igt,sabdab2_H05XWL04FG,H05XW,L04FG,D,C,0,NA,NA,NA,IMMUNOGLOBULIN,1996/10/25,20260605,20260615,STRUCTURE OF IMMUNOGLOBULIN,mus musculus,10090,NA,NA,mus musculus,mus musculus,10090,10090,NA,NA,NA,NA,NA,NA,NA,NA,"Harris, L.J.,Larson, S.B.,Hasel, K.W.,McPherson, A.",XRAY,2.8,0.297,0.209,FAB+FC,NA,NA,NA,NA,IGHV5 (Musmus),"IGKV13 (Musmus),IGKV10 (Musmus)",K
pdb_00001igy-B-A,pdb_00001igy,sabdab2_H05WBL04EE,H05WB,L04EE,B,A,0,NA,NA,NA,IMMUNOGLOBULIN,1997/10/09,20260605,20260615,STRUCTURE OF IMMUNOGLOBULIN,mus musculus,10090,NA,NA,mus musculus,mus musculus,10090,10090,NA,NA,NA,NA,NA,NA,NA,NA,"Harris, L.J.,McPherson, A.",XRAY,3.2,0.327,0.211,FAB+FC,NA,NA,NA,NA,IGHV1 (Musmus),IGKV6 (Musmus),K
pdb_00001igy-D-C,pdb_00001igy,sabdab2_H05WBL04EE,H05WB,L04EE,D,C,0,NA,NA,NA,IMMUNOGLOBULIN,1997/10/09,20260605,20260615,STRUCTURE OF IMMUNOGLOBULIN,mus musculus,10090,NA,NA,mus musculus,mus musculus,10090,10090,NA,NA,NA,NA,NA,NA,NA,NA,"Harris, L.J.,McPherson, A.",XRAY,3.2,0.327,0.211,FAB+FC,NA,NA,NA,NA,IGHV1 (Musmus),IGKV6 (Musmus),K
pdb_00001mco-H-L,pdb_00001mco,sabdab2_H002TL0010,H002T,L0010,H,L,0,NA,NA,NA,IMMUNOGLOBULIN,1993/02/25,20260605,20260615,THREE-DIMENSIONAL STRUCTURE OF A HUMAN IMMUNOGLOBULIN WITH A HINGE DELETION,homo sapiens,9606,NA,NA,homo sapiens,homo sapiens,9606,9606,NA,NA,NA,NA,NA,NA,NA,NA,"Guddat, L.W.,Edmundson, A.B.",XRAY,3.2,NA,0.232,FAB+FC,NA,NA,NA,NA,IGHV4 (Homsap),IGLV2 (Homsap),L
pdb_00001r70-B-A,pdb_00001r70,sabdab2_H007JL0078,H007J,L0078,B,A,0,NA,NA,NA,IMMUNE SYSTEM,2003/10/17,20260605,20260615,"Model of human IgA2 determined by solution scattering, curve fitting and homology modelling",homo sapiens,9606,cricetulus griseus,10029,homo sapiens,homo sapiens,9606,9606,cricetulus griseus,cricetulus griseus,10029,10029,NA,NA,NA,NA,"Furtado, P.B.,Whitty, P.W.,Robertson, A.,Eaton, J.T.,Almogren, A.,Kerr, M.A.,Woof, J.M.,Perkins, S.J.",SOLUTION_SCATTERING,30.0,NA,NA,FAB+FC,NA,NA,NA,NA,IGHV1 (Homsap),IGKV1 (Homsap),K
pdb_00001r70-D-C,pdb_00001r70,sabdab2_H007JL0078,H007J,L0078,D,C,0,NA,NA,NA,IMMUNE SYSTEM,2003/10/17,20260605,20260615,"Model of human IgA2 determined by solution scattering, curve fitting and homology modelling",homo sapiens,9606,cricetulus griseus,10029,homo sapiens,homo sapiens,9606,9606,cricetulus griseus,cricetulus griseus,10029,10029,NA,NA,NA,NA,"Furtado, P.B.,Whitty, P.W.,Robertson, A.,Eaton, J.T.,Almogren, A.,Kerr, M.A.,Woof, J.M.,Perkins, S.J.",SOLUTION_SCATTERING,30.0,NA,NA,FAB+FC,NA,NA,NA,NA,IGHV1 (Homsap),IGKV1 (Homsap),K
pdb_00001zvo-C-B,pdb_00001zvo,sabdab2_H05XEL04F9,H05XE,L04F9,C,B,0,NA,NA,NA,IMMUNE SYSTEM,2005/06/02,20260605,20260615,Semi-extended solution structure of human myeloma immunoglobulin D determined by constrained X-ray scattering,homo sapiens,9606,NA,NA,homo sapiens,homo sapiens,9606,9606,NA,NA,NA,NA,NA,NA,NA,NA,"Sun, Z.,Almogren, A.,Furtado, P.B.,Chowdhury, B.,Kerr, M.A.,Perkins, S.J.",SOLUTION_SCATTERING,NA,NA,NA,FAB+FC,NA,NA,NA,NA,IGHV4 (Homsap),IGLV1 (Homsap),L
pdb_00001zvo-D-A,pdb_00001zvo,sabdab2_H05XEL04F9,H05XE,L04F9,D,A,0,NA,NA,NA,IMMUNE SYSTEM,2005/06/02,20260605,20260615,Semi-extended solution structure of human myeloma immunoglobulin D determined by constrained X-ray scattering,homo sapiens,9606,NA,NA,homo sapiens,homo sapiens,9606,9606,NA,NA,NA,NA,NA,NA,NA,NA,"Sun, Z.,Almogren, A.,Furtado, P.B.,Chowdhury, B.,Kerr, M.A.,Perkins, S.J.",SOLUTION_SCATTERING,NA,NA,NA,FAB+FC,NA,NA,NA,NA,IGHV4 (Homsap),IGLV1 (Homsap),L
pdb_00002esg-A-L,pdb_00002esg,sabdab2_H007JL0078,H007J,L0078,A,L,0,NA,NA,NA,IMMUNE SYSTEM/TRANSPORT PROTEIN,2005/10/26,20260605,20260615,Solution structure of the complex between immunoglobulin IgA1 and human serum albumin,homo sapiens,9606,NA,NA,homo sapiens,homo sapiens,9606,9606,NA,NA,NA,NA,NA,NA,NA,NA,"Almogren, A.,Furtado, P.B.,Sun, Z.,Perkins, S.J.,Kerr, M.A.",SOLUTION_SCATTERING,NA,NA,NA,FAB+FC,NA,NA,NA,NA,IGHV1 (Homsap),IGKV1 (Homsap),K
pdb_00002esg-B-M,pdb_00002esg,sabdab2_H007JL0078,H007J,L0078,B,M,0,NA,NA,NA,IMMUNE SYSTEM/TRANSPORT PROTEIN,2005/10/26,20260605,20260615,Solution structure of the complex between immunoglobulin IgA1 and human serum albumin,homo sapiens,9606,NA,NA,homo sapiens,homo sapiens,9606,9606,NA,NA,NA,NA,NA,NA,NA,NA,"Almogren, A.,Furtado, P.B.,Sun, Z.,Perkins, S.J.,Kerr, M.A.",SOLUTION_SCATTERING,NA,NA,NA,FAB+FC,NA,NA,NA,NA,IGHV1 (Homsap),IGKV1 (Homsap),K
pdb_00002qtj-A-L,pdb_00002qtj,sabdab2_H007JL0078,H007J,L0078,A,L,0,NA,NA,NA,IMMUNE SYSTEM,2007/08/02,20260605,20260615,Solution structure of human dimeric immunoglobulin A,homo sapiens,9606,NA,NA,homo sapiens,homo sapiens,9606,9606,NA,NA,NA,NA,NA,NA,NA,NA,"Bonner, A.,Furtado, P.B.,Almogren, A.,Kerr, M.A.,Perkins, S.J.",SOLUTION_SCATTERING,NA,NA,NA,FAB+FC,NA,NA,NA,NA,IGHV1 (Homsap),IGKV1 (Homsap),K
pdb_00002qtj-B-M,pdb_00002qtj,sabdab2_H007JL0078,H007J,L0078,B,M,0,NA,NA,NA,IMMUNE SYSTEM,2007/08/02,20260605,20260615,Solution structure of human dimeric immunoglobulin A,homo sapiens,9606,NA,NA,homo sapiens,homo sapiens,9606,9606,NA,NA,NA,NA,NA,NA,NA,NA,"Bonner, A.,Furtado, P.B.,Almogren, A.,Kerr, M.A.,Perkins, S.J.",SOLUTION_SCATTERING,NA,NA,NA,FAB+FC,NA,NA,NA,NA,IGHV1 (Homsap),IGKV1 (Homsap),K
pdb_00002qtj-C-N,pdb_00002qtj,sabdab2_H007JL0078,H007J,L0078,C,N,0,NA,NA,NA,IMMUNE SYSTEM,2007/08/02,20260605,20260615,Solution structure of human dimeric immunoglobulin A,homo sapiens,9606,NA,NA,homo sapiens,homo sapiens,9606,9606,NA,NA,NA,NA,NA,NA,NA,NA,"Bonner, A.,Furtado, P.B.,Almogren, A.,Kerr, M.A.,Perkins, S.J.",SOLUTION_SCATTERING,NA,NA,NA,FAB+FC,NA,NA,NA,NA,IGHV1 (Homsap),IGKV1 (Homsap),K
pdb_00002qtj-D-O,pdb_00002qtj,sabdab2_H007JL0078,H007J,L0078,D,O,0,NA,NA,NA,IMMUNE SYSTEM,2007/08/02,20260605,20260615,Solution structure of human dimeric immunoglobulin A,homo sapiens,9606,NA,NA,homo sapiens,homo sapiens,9606,9606,NA,NA,NA,NA,NA,NA,NA,NA,"Bonner, A.,Furtado, P.B.,Almogren, A.,Kerr, M.A.,Perkins, S.J.",SOLUTION_SCATTERING,NA,NA,NA,FAB+FC,NA,NA,NA,NA,IGHV1 (Homsap),IGKV1 (Homsap),K
pdb_00003chn-A-L,pdb_00003chn,sabdab2_H007JL0078,H007J,L0078,A,L,0,NA,NA,NA,IMMUNE SYSTEM,2008/03/10,20260605,20260615,Solution structure of human secretory IgA1,homo sapiens,9606,NA,NA,homo sapiens,homo sapiens,9606,9606,NA,NA,NA,NA,NA,NA,NA,NA,"Bonner, A.,Almogren, A.,Furtado, P.B.,Kerr, M.A.,Perkins, S.J.",SOLUTION_SCATTERING,NA,NA,NA,FAB+FC,NA,NA,NA,NA,IGHV1 (Homsap),IGKV1 (Homsap),K
pdb_00003chn-B-M,pdb_00003chn,sabdab2_H007JL0078,H007J,L0078,B,M,0,NA,NA,NA,IMMUNE SYSTEM,2008/03/10,20260605,20260615,Solution structure of human secretory IgA1,homo sapiens,9606,NA,NA,homo sapiens,homo sapiens,9606,9606,NA,NA,NA,NA,NA,NA,NA,NA,"Bonner, A.,Almogren, A.,Furtado, P.B.,Kerr, M.A.,Perkins, S.J.",SOLUTION_SCATTERING,NA,NA,NA,FAB+FC,NA,NA,NA,NA,IGHV1 (Homsap),IGKV1 (Homsap),K
pdb_00003chn-C-O,pdb_00003chn,sabdab2_H007JL0078,H007J,L0078,C,O,0,NA,NA,NA,IMMUNE SYSTEM,2008/03/10,20260605,20260615,Solution structure of human secretory IgA1,homo sapiens,9606,NA,NA,homo sapiens,homo sapiens,9606,9606,NA,NA,NA,NA,NA,NA,NA,NA,"Bonner, A.,Almogren, A.,Furtado, P.B.,Kerr, M.A.,Perkins, S.J.",SOLUTION_SCATTERING,NA,NA,NA,FAB+FC,NA,NA,NA,NA,IGHV1 (Homsap),IGKV1 (Homsap),K
pdb_00003chn-D-N,pdb_00003chn,sabdab2_H007JL0078,H007J,L0078,D,N,0,NA,NA,NA,IMMUNE SYSTEM,2008/03/10,20260605,20260615,Solution structure of human secretory IgA1,homo sapiens,9606,NA,NA,homo sapiens,homo sapiens,9606,9606,NA,NA,NA,NA,NA,NA,NA,NA,"Bonner, A.,Almogren, A.,Furtado, P.B.,Kerr, M.A.,Perkins, S.J.",SOLUTION_SCATTERING,NA,NA,NA,FAB+FC,NA,NA,NA,NA,IGHV1 (Homsap),IGKV1 (Homsap),K
pdb_00003cm9-A-L,pdb_00003cm9,sabdab2_H007JL0078,H007J,L0078,A,L,0,NA,NA,NA,IMMUNE SYSTEM,2008/03/21,20260605,20260615,Solution Structure of Human SIgA2,homo sapiens,9606,NA,NA,homo sapiens,homo sapiens,9606,9606,NA,NA,NA,NA,NA,NA,NA,NA,"Bonner, A.,Almogren, A.,Furtado, P.B.,Kerr, M.A.,Perkins, S.J.",SOLUTION_SCATTERING,NA,NA,NA,FAB+FC,NA,NA,NA,NA,IGHV1 (Homsap),IGKV1 (Homsap),K
pdb_00003cm9-B-M,pdb_00003cm9,sabdab2_H007JL0078,H007J,L0078,B,M,0,NA,NA,NA,IMMUNE SYSTEM,2008/03/21,20260605,20260615,Solution Structure of Human SIgA2,homo sapiens,9606,NA,NA,homo sapiens,homo sapiens,9606,9606,NA,NA,NA,NA,NA,NA,NA,NA,"Bonner, A.,Almogren, A.,Furtado, P.B.,Kerr, M.A.,Perkins, S.J.",SOLUTION_SCATTERING,NA,NA,NA,FAB+FC,NA,NA,NA,NA,IGHV1 (Homsap),IGKV1 (Homsap),K
pdb_00003cm9-C-N,pdb_00003cm9,sabdab2_H007JL0078,H007J,L0078,C,N,0,NA,NA,NA,IMMUNE SYSTEM,2008/03/21,20260605,20260615,Solution Structure of Human SIgA2,homo sapiens,9606,NA,NA,homo sapiens,homo sapiens,9606,9606,NA,NA,NA,NA,NA,NA,NA,NA,"Bonner, A.,Almogren, A.,Furtado, P.B.,Kerr, M.A.,Perkins, S.J.",SOLUTION_SCATTERING,NA,NA,NA,FAB+FC,NA,NA,NA,NA,IGHV1 (Homsap),IGKV1 (Homsap),K
pdb_00003cm9-D-O,pdb_00003cm9,sabdab2_H007JL0078,H007J,L0078,D,O,0,NA,NA,NA,IMMUNE SYSTEM,2008/03/21,20260605,20260615,Solution Structure of Human SIgA2,homo sapiens,9606,NA,NA,homo sapiens,homo sapiens,9606,9606,NA,NA,NA,NA,NA,NA,NA,NA,"Bonner, A.,Almogren, A.,Furtado, P.B.,Kerr, M.A.,Perkins, S.J.",SOLUTION_SCATTERING,NA,NA,NA,FAB+FC,NA,NA,NA,NA,IGHV1 (Homsap),IGKV1 (Homsap),K
pdb_00005dk3-B-A,pdb_00005dk3,sabdab2_H013ML00YK,H013M,L00YK,B,A,0,K,ION,SULFATE ION,IMMUNE SYSTEM,2015/09/02,20260605,20260615,"Crystal Structure of Pembrolizumab, a full length IgG4 antibody",homo sapiens,9606,mammalia,40674,homo sapiens,homo sapiens,9606,9606,mammalia,mammalia,40674,40674,NA,NA,NA,NA,"Scapin, G.,Prosise, W.,Reichert, P.",XRAY,2.28,0.2235,0.1843,FAB+FC,NA,NA,NA,NA,IGHV1 (Homsap),IGKV3 (Homsap),K
pdb_00005dk3-G-F,pdb_00005dk3,sabdab2_H013ML00YK,H013M,L00YK,G,F,0,NA,NA,NA,IMMUNE SYSTEM,2015/09/02,20260605,20260615,"Crystal Structure of Pembrolizumab, a full length IgG4 antibody",homo sapiens,9606,mammalia,40674,homo sapiens,homo sapiens,9606,9606,mammalia,mammalia,40674,40674,NA,NA,NA,NA,"Scapin, G.,Prosise, W.,Reichert, P.",XRAY,2.28,0.2235,0.1843,FAB+FC,NA,NA,NA,NA,IGHV1 (Homsap),IGKV3 (Homsap),K
pdb_00006gfe-H-L,pdb_00006gfe,sabdab2_H05WZL04EW,H05WZ,L04EW,H,L,0,C|F,ION|HAPTEN,CALCIUM ION|ACETATE ION,IMMUNE SYSTEM,2018/04/30,20260605,20260615,High-resolution Structure of a therapeutic full-length anti-NPRA Antibody with exceptional Conformational Diversity,homo sapiens,9606,cricetulus griseus,10029,homo sapiens,homo sapiens,9606,9606,cricetulus griseus,cricetulus griseus,10029,10029,NA,NA,NA,NA,"Hoerer, S.",XRAY,1.8,0.2002,0.1809,FAB+FC,NA,NA,NA,NA,IGHV6 (Homsap),IGKV3 (Homsap),K
pdb_00006gfe-K-M,pdb_00006gfe,sabdab2_H05WZL04EW,H05WZ,L04EW,K,M,0,E,HAPTEN,ACETATE ION,IMMUNE SYSTEM,2018/04/30,20260605,20260615,High-resolution Structure of a therapeutic full-length anti-NPRA Antibody with exceptional Conformational Diversity,homo sapiens,9606,cricetulus griseus,10029,homo sapiens,homo sapiens,9606,9606,cricetulus griseus,cricetulus griseus,10029,10029,NA,NA,NA,NA,"Hoerer, S.",XRAY,1.8,0.2002,0.1809,FAB+FC,NA,NA,NA,NA,IGHV6 (Homsap),IGKV3 (Homsap),K
pdb_00007xq8-C-L,pdb_00007xq8,sabdab2_H00M6L00HT,H00M6,L00HT,C,L,0,NA,NA,NA,SIGNALING PROTEIN,2022/05/07,20260605,20260615,Structure of human B-cell antigen receptor of the IgM isotype,homo sapiens,9606,homo sapiens,9606,homo sapiens,homo sapiens,9606,9606,homo sapiens,homo sapiens,9606,9606,NA,NA,NA,NA,"Chen, M.Y.,Su, Q.,Shi, Y.G.",ELECTRON_MICROSCOPY,3.3,NA,NA,FAB+FC,NA,NA,NA,NA,IGHV1 (Homsap),IGKV3 (Homsap),K
pdb_00007xq8-v-R,pdb_00007xq8,sabdab2_H00M6L00HT,H00M6,L00HT,v,R,0,NA,NA,NA,SIGNALING PROTEIN,2022/05/07,20260605,20260615,Structure of human B-cell antigen receptor of the IgM isotype,homo sapiens,9606,homo sapiens,9606,homo sapiens,homo sapiens,9606,9606,homo sapiens,homo sapiens,9606,9606,NA,NA,NA,NA,"Chen, M.Y.,Su, Q.,Shi, Y.G.",ELECTRON_MICROSCOPY,3.3,NA,NA,FAB+FC,NA,NA,NA,NA,IGHV1 (Homsap),IGKV3 (Homsap),K
pdb_00008ema-A-R,pdb_00008ema,sabdab2_H007ZL003J,H007Z,L003J,A,R,0,NA,NA,NA,IMMUNE SYSTEM,2022/09/27,20260605,20260615,mouse full length B cell receptor,mus musculus,10090,mus musculus,10090,mus musculus,mus musculus,10090,10090,mus musculus,mus musculus,10090,10090,NA,NA,NA,NA,"Ying, D.,Xiong, P.,Michael, R.",ELECTRON_MICROSCOPY,8.2,NA,NA,FAB+FC,NA,NA,NA,NA,NA,NA,L
pdb_00008ema-B-L,pdb_00008ema,sabdab2_H007ZL003J,H007Z,L003J,B,L,0,NA,NA,NA,IMMUNE SYSTEM,2022/09/27,20260605,20260615,mouse full length B cell receptor,mus musculus,10090,mus musculus,10090,mus musculus,mus musculus,10090,10090,mus musculus,mus musculus,10090,10090,NA,NA,NA,NA,"Ying, D.,Xiong, P.,Michael, R.",ELECTRON_MICROSCOPY,8.2,NA,NA,FAB+FC,NA,NA,NA,NA,NA,NA,L
pdb_00008sjk-B-A,pdb_00008sjk,sabdab2_H013ML00YK,H013M,L00YK,B,A,0,C,HAPTEN,CAFFEINE,IMMUNE SYSTEM,2023/04/18,20260605,20260615,Pembrolizumab Caffeine crystal,homo sapiens,9606,mammalia,40674,homo sapiens,homo sapiens,9606,9606,mammalia,mammalia,40674,40674,NA,NA,NA,NA,"Larpent, P.,Codan, L.,Bothe, J.R.,Stueber, D.,Reichert, P.,Fischmann, T.,Su, Y.,Pabit, S.,Gupta, S.,Iuzzolino, L.,Cote, A.",XRAY,2.22,0.238,0.186,FAB+FC,NA,NA,NA,NA,NA,NA,K
pdb_00009eq3-H-L,pdb_00009eq3,sabdab2_H015FL0103,H015F,L0103,H,L,0,NA,NA,NA,IMMUNE SYSTEM,2024/03/20,20260605,20260615,Structure of IgE HMM5 bound to FceRIa cryo-EM class 8,homo sapiens,9606,homo sapiens,9606,homo sapiens,homo sapiens,9606,9606,homo sapiens,homo sapiens,9606,9606,NA,NA,NA,NA,"Andersen, G.R.,Jensen, R.K.",ELECTRON_MICROSCOPY,6.9,NA,NA,FAB+FC,NA,NA,NA,NA,NA,NA,K
pdb_00009eq3-X-Y,pdb_00009eq3,sabdab2_H015FL0103,H015F,L0103,X,Y,0,NA,NA,NA,IMMUNE SYSTEM,2024/03/20,20260605,20260615,Structure of IgE HMM5 bound to FceRIa cryo-EM class 8,homo sapiens,9606,homo sapiens,9606,homo sapiens,homo sapiens,9606,9606,homo sapiens,homo sapiens,9606,9606,NA,NA,NA,NA,"Andersen, G.R.,Jensen, R.K.",ELECTRON_MICROSCOPY,6.9,NA,NA,FAB+FC,NA,NA,NA,NA,NA,NA,K
pdb_00009eq4-H-L,pdb_00009eq4,sabdab2_H015FL0103,H015F,L0103,H,L,0,NA,NA,NA,IMMUNE SYSTEM,2024/03/20,20260605,20260615,Structure of IgE HMM5 bound to FceRIa cryo-EM class 5,homo sapiens,9606,homo sapiens,9606,homo sapiens,homo sapiens,9606,9606,homo sapiens,homo sapiens,9606,9606,NA,NA,NA,NA,"Andersen, G.R.,Jensen, R.K.",ELECTRON_MICROSCOPY,8.4,NA,NA,FAB+FC,NA,NA,NA,NA,NA,NA,K
pdb_00009eq4-X-Y,pdb_00009eq4,sabdab2_H015FL0103,H015F,L0103,X,Y,0,NA,NA,NA,IMMUNE SYSTEM,2024/03/20,20260605,20260615,Structure of IgE HMM5 bound to FceRIa cryo-EM class 5,homo sapiens,9606,homo sapiens,9606,homo sapiens,homo sapiens,9606,9606,homo sapiens,homo sapiens,9606,9606,NA,NA,NA,NA,"Andersen, G.R.,Jensen, R.K.",ELECTRON_MICROSCOPY,8.4,NA,NA,FAB+FC,NA,NA,NA,NA,NA,NA,K
